name,MOV,PUSH,CALL,POP,CMP,JZ,LEA,TEST,JMP,ADD,JNZ,RETN,XOR,AND,BT,FDIVP,FILD,FSTCW,IMUL,INT,NOP,PUSHF,RDTSC,SBB,SETB,SETLE,SHLD,STD,(BAD),labels
/content/drive/My Drive/IoT Opcode Dataset/goodware/ddpt.txt,4694,0,0,0,2454,0,0,0,0,1852,0,0,0,161,0,0,0,0,0,0,0,0,0,0,0,0,0,0,0,0
/content/drive/My Drive/IoT Opcode Dataset/goodware/bldread.txt,24,0,0,0,10,0,0,0,0,20,0,0,0,0,0,0,0,0,0,0,0,0,0,0,0,0,0,0,0,0
/content/drive/My Drive/IoT Opcode Dataset/goodware/mount.gfs2.txt,632,0,0,0,188,0,0,0,0,460,0,0,0,4,0,0,0,0,0,0,0,0,0,0,0,0,0,0,0,0
/content/drive/My Drive/IoT Opcode Dataset/goodware/cf-execd.txt,763,0,0,0,111,0,0,0,0,370,0,0,0,18,0,0,0,0,0,0,0,0,0,0,0,0,0,0,0,0
/content/drive/My Drive/IoT Opcode Dataset/goodware/e2undo.txt,115,0,0,0,21,0,0,0,0,46,0,0,0,1,0,0,0,0,0,0,0,0,0,0,0,0,0,0,0,0
/content/drive/My Drive/IoT Opcode Dataset/goodware/badblocks.txt,687,0,0,0,248,0,0,0,0,232,0,0,0,27,0,0,0,0,0,0,0,0,0,0,0,0,0,0,0,0
/content/drive/My Drive/IoT Opcode Dataset/goodware/canonical.txt,61,0,0,0,38,0,0,0,0,38,0,0,0,0,0,0,0,0,0,0,0,0,0,0,0,0,0,0,0,0
/content/drive/My Drive/IoT Opcode Dataset/goodware/e2image.txt,1044,0,0,0,301,0,0,0,0,344,0,0,0,45,0,0,0,0,0,0,0,0,0,0,0,0,0,0,0,0
/content/drive/My Drive/IoT Opcode Dataset/goodware/cracker.txt,309,0,0,0,132,0,0,0,0,109,0,0,0,3,0,0,0,0,0,0,0,0,0,0,0,0,0,0,0,0
/content/drive/My Drive/IoT Opcode Dataset/goodware/gadmin-openvpn-client.txt,2844,0,0,0,437,0,0,0,0,386,0,0,0,2,0,0,0,0,0,0,0,0,0,0,0,0,0,0,0,0
/content/drive/My Drive/IoT Opcode Dataset/goodware/corosync-keygen.txt,37,0,0,0,16,0,0,0,0,27,0,0,0,0,0,0,0,0,0,0,0,0,0,0,0,0,0,0,0,0
/content/drive/My Drive/IoT Opcode Dataset/goodware/btrfs-zero-log.txt,7425,0,0,0,2212,0,0,0,0,4421,0,0,0,218,0,0,0,0,0,0,0,0,0,0,0,0,0,0,0,0
/content/drive/My Drive/IoT Opcode Dataset/goodware/dkopp.txt,4628,0,0,0,1572,0,0,0,0,2137,0,0,0,30,0,0,0,0,0,0,0,0,0,0,0,0,0,0,0,0
/content/drive/My Drive/IoT Opcode Dataset/goodware/ddptctl.txt,3426,0,0,0,1488,0,0,0,0,1318,0,0,0,147,0,0,0,0,0,0,0,0,0,0,0,0,0,0,0,0
/content/drive/My Drive/IoT Opcode Dataset/goodware/cf-agent.txt,12261,0,0,0,2645,0,0,0,0,6372,0,0,0,138,0,0,0,0,0,0,0,0,0,0,0,0,0,0,0,0
/content/drive/My Drive/IoT Opcode Dataset/goodware/conspy.txt,130,0,0,0,31,0,0,0,0,82,0,0,0,0,0,0,0,0,0,0,0,0,0,0,0,0,0,0,0,0
/content/drive/My Drive/IoT Opcode Dataset/goodware/btrfs-map-logical.txt,7453,0,0,0,2232,0,0,0,0,4449,0,0,0,218,0,0,0,0,0,0,0,0,0,0,0,0,0,0,0,0
/content/drive/My Drive/IoT Opcode Dataset/goodware/cdbackup.txt,462,0,0,0,205,0,0,0,0,179,0,0,0,3,0,0,0,0,0,0,0,0,0,0,0,0,0,0,0,0
/content/drive/My Drive/IoT Opcode Dataset/goodware/vstp.txt,323,0,0,0,141,0,0,0,0,115,0,0,0,3,0,0,0,0,0,0,0,0,0,0,0,0,0,0,0,0
/content/drive/My Drive/IoT Opcode Dataset/goodware/gadmin-proftpd.txt,10850,0,0,0,1617,0,0,0,0,960,0,0,0,18,0,0,0,0,0,0,0,0,0,0,0,0,0,0,0,0
/content/drive/My Drive/IoT Opcode Dataset/goodware/chattr.txt,114,0,0,0,64,0,0,0,0,58,0,0,0,3,0,0,0,0,0,0,0,0,0,0,0,0,0,0,0,0
/content/drive/My Drive/IoT Opcode Dataset/goodware/jfs_mkfs.txt,1806,0,0,0,463,0,0,0,0,661,0,0,0,61,0,0,0,0,0,0,0,0,0,0,0,0,0,0,0,0
/content/drive/My Drive/IoT Opcode Dataset/goodware/ksplice-inspect.txt,14181,0,0,0,7900,0,0,0,0,5635,0,0,0,771,0,0,0,0,0,0,0,0,0,0,0,0,0,0,0,0
/content/drive/My Drive/IoT Opcode Dataset/goodware/members.txt,109,0,0,0,39,0,0,0,0,52,0,0,0,0,0,0,0,0,0,0,0,0,0,0,0,0,0,0,0,0
/content/drive/My Drive/IoT Opcode Dataset/goodware/applydeltarpm.txt,1791,0,0,0,695,0,0,0,0,1090,0,0,0,107,0,0,0,0,0,0,0,0,0,0,0,0,0,0,0,0
/content/drive/My Drive/IoT Opcode Dataset/goodware/corosync-pload.txt,22,0,0,0,8,0,0,0,0,14,0,0,0,0,0,0,0,0,0,0,0,0,0,0,0,0,0,0,0,0
/content/drive/My Drive/IoT Opcode Dataset/goodware/passdev.txt,115,0,0,0,30,0,0,0,0,49,0,0,0,3,0,0,0,0,0,0,0,0,0,0,0,0,0,0,0,0
/content/drive/My Drive/IoT Opcode Dataset/goodware/cf-serverd.txt,3244,0,0,0,741,0,0,0,0,1667,0,0,0,12,0,0,0,0,0,0,0,0,0,0,0,0,0,0,0,0
/content/drive/My Drive/IoT Opcode Dataset/goodware/csync2.txt,2440,0,0,0,1048,0,0,0,0,721,0,0,0,39,0,0,0,0,0,0,0,0,0,0,0,0,0,0,0,0
/content/drive/My Drive/IoT Opcode Dataset/goodware/ccm_testclient.txt,56,0,0,0,26,0,0,0,0,52,0,0,0,1,0,0,0,0,0,0,0,0,0,0,0,0,0,0,0,0
/content/drive/My Drive/IoT Opcode Dataset/goodware/tunegfs2.txt,191,0,0,0,47,0,0,0,0,57,0,0,0,0,0,0,0,0,0,0,0,0,0,0,0,0,0,0,0,0
/content/drive/My Drive/IoT Opcode Dataset/goodware/askpass.txt,77,0,0,0,37,0,0,0,0,79,0,0,0,2,0,0,0,0,0,0,0,0,0,0,0,0,0,0,0,0
/content/drive/My Drive/IoT Opcode Dataset/goodware/apphbd.txt,302,0,0,0,116,0,0,0,0,122,0,0,0,0,0,0,0,0,0,0,0,0,0,0,0,0,0,0,0,0
/content/drive/My Drive/IoT Opcode Dataset/goodware/ifup.txt,1090,0,0,0,581,0,0,0,0,429,0,0,0,15,0,0,0,0,0,0,0,0,0,0,0,0,0,0,0,0
/content/drive/My Drive/IoT Opcode Dataset/goodware/chrootuid.txt,66,0,0,0,17,0,0,0,0,26,0,0,0,0,0,0,0,0,0,0,0,0,0,0,0,0,0,0,0,0
/content/drive/My Drive/IoT Opcode Dataset/goodware/cupt.txt,17845,0,0,0,7734,0,0,0,0,10353,0,0,0,184,0,0,0,0,0,0,0,0,0,0,0,0,0,0,0,0
/content/drive/My Drive/IoT Opcode Dataset/goodware/gadmin-rsync.txt,4541,0,0,0,519,0,0,0,0,525,0,0,0,4,0,0,0,0,0,0,0,0,0,0,0,0,0,0,0,0
/content/drive/My Drive/IoT Opcode Dataset/goodware/runapp.txt,216,0,0,0,34,0,0,0,0,71,0,0,0,0,0,0,0,0,0,0,0,0,0,0,0,0,0,0,0,0
/content/drive/My Drive/IoT Opcode Dataset/goodware/istgtcontrol.txt,650,0,0,0,301,0,0,0,0,316,0,0,0,7,0,0,0,0,0,0,0,0,0,0,0,0,0,0,0,0
/content/drive/My Drive/IoT Opcode Dataset/goodware/diodmount.txt,4842,0,0,0,1804,0,0,0,0,1717,0,0,0,83,0,0,0,0,0,0,0,0,0,0,0,0,0,0,0,0
/content/drive/My Drive/IoT Opcode Dataset/goodware/mssh.txt,1634,0,0,0,161,0,0,0,0,266,0,0,0,8,0,0,0,0,0,0,0,0,0,0,0,0,0,0,0,0
/content/drive/My Drive/IoT Opcode Dataset/goodware/cdrestore.txt,377,0,0,0,149,0,0,0,0,164,0,0,0,3,0,0,0,0,0,0,0,0,0,0,0,0,0,0,0,0
/content/drive/My Drive/IoT Opcode Dataset/goodware/mdmon.txt,9290,0,0,0,4024,0,0,0,0,3380,0,0,0,371,0,0,0,0,0,0,0,0,0,0,0,0,0,0,0,0
/content/drive/My Drive/IoT Opcode Dataset/goodware/launchtool.txt,4991,0,0,0,1552,0,0,0,0,2638,0,0,0,17,0,0,0,0,0,0,0,0,0,0,0,0,0,0,0,0
/content/drive/My Drive/IoT Opcode Dataset/goodware/e2freefrag.txt,253,0,0,0,56,0,0,0,0,81,0,0,0,19,0,0,0,0,0,0,0,0,0,0,0,0,0,0,0,0
/content/drive/My Drive/IoT Opcode Dataset/goodware/deborphan.txt,687,0,0,0,274,0,0,0,0,237,0,0,0,3,0,0,0,0,0,0,0,0,0,0,0,0,0,0,0,0
/content/drive/My Drive/IoT Opcode Dataset/goodware/goplay.txt,6233,0,0,0,3452,0,0,0,0,4049,0,0,0,20,0,0,0,0,0,0,0,0,0,0,0,0,0,0,0,0
/content/drive/My Drive/IoT Opcode Dataset/goodware/ck-log-system-start.txt,236,0,0,0,68,0,0,0,0,211,0,0,0,0,0,0,0,0,0,0,0,0,0,0,0,0,0,0,0,0
/content/drive/My Drive/IoT Opcode Dataset/goodware/ck-history.txt,416,0,0,0,165,0,0,0,0,273,0,0,0,0,0,0,0,0,0,0,0,0,0,0,0,0,0,0,0,0
/content/drive/My Drive/IoT Opcode Dataset/goodware/edac-util.txt,197,0,0,0,123,0,0,0,0,121,0,0,0,1,0,0,0,0,0,0,0,0,0,0,0,0,0,0,0,0
/content/drive/My Drive/IoT Opcode Dataset/goodware/francine.txt,531,0,0,0,143,0,0,0,0,517,0,0,0,75,0,0,0,0,0,0,0,0,0,0,0,0,0,0,0,0
/content/drive/My Drive/IoT Opcode Dataset/goodware/blktool.txt,285,0,0,0,117,0,0,0,0,143,0,0,0,19,0,0,0,0,0,0,0,0,0,0,0,0,0,0,0,0
/content/drive/My Drive/IoT Opcode Dataset/goodware/jfs_fscklog.txt,732,0,0,0,231,0,0,0,0,294,0,0,0,13,0,0,0,0,0,0,0,0,0,0,0,0,0,0,0,0
/content/drive/My Drive/IoT Opcode Dataset/goodware/luau.txt,2080,0,0,0,787,0,0,0,0,974,0,0,0,62,0,0,0,0,0,0,0,0,0,0,0,0,0,0,0,0
/content/drive/My Drive/IoT Opcode Dataset/goodware/corosync-objctl.txt,417,0,0,0,135,0,0,0,0,219,0,0,0,2,0,0,0,0,0,0,0,0,0,0,0,0,0,0,0,0
/content/drive/My Drive/IoT Opcode Dataset/goodware/incrond.txt,2586,0,0,0,1208,0,0,0,0,1826,0,0,0,20,0,0,0,0,0,0,0,0,0,0,0,0,0,0,0,0
/content/drive/My Drive/IoT Opcode Dataset/goodware/vmcore-dmesg.txt,400,0,0,0,97,0,0,0,0,138,0,0,0,0,0,0,0,0,0,0,0,0,0,0,0,0,0,0,0,0
/content/drive/My Drive/IoT Opcode Dataset/goodware/dmraid.txt,203,0,0,0,56,0,0,0,0,124,0,0,0,4,0,0,0,0,0,0,0,0,0,0,0,0,0,0,0,0
/content/drive/My Drive/IoT Opcode Dataset/goodware/gam_server.txt,1713,0,0,0,761,0,0,0,0,382,0,0,0,12,0,0,0,0,0,0,0,0,0,0,0,0,0,0,0,0
/content/drive/My Drive/IoT Opcode Dataset/goodware/combinedeltarpm.txt,1632,0,0,0,657,0,0,0,0,989,0,0,0,77,0,0,0,0,0,0,0,0,0,0,0,0,0,0,0,0
/content/drive/My Drive/IoT Opcode Dataset/goodware/fsck.jfs.txt,7501,0,0,0,2926,0,0,0,0,5153,0,0,0,348,0,0,0,0,0,0,0,0,0,0,0,0,0,0,0,0
/content/drive/My Drive/IoT Opcode Dataset/goodware/btrfstune.txt,7489,0,0,0,2232,0,0,0,0,4455,0,0,0,220,0,0,0,0,0,0,0,0,0,0,0,0,0,0,0,0
/content/drive/My Drive/IoT Opcode Dataset/goodware/cf-runagent.txt,135,0,0,0,43,0,0,0,0,106,0,0,0,1,0,0,0,0,0,0,0,0,0,0,0,0,0,0,0,0
/content/drive/My Drive/IoT Opcode Dataset/goodware/cf-promises.txt,186,0,0,0,35,0,0,0,0,119,0,0,0,1,0,0,0,0,0,0,0,0,0,0,0,0,0,0,0,0
/content/drive/My Drive/IoT Opcode Dataset/goodware/idlestat.txt,783,0,0,0,262,0,0,0,0,321,0,0,0,25,0,0,0,0,0,0,0,0,0,0,0,0,0,0,0,0
/content/drive/My Drive/IoT Opcode Dataset/goodware/tickle_tcp.txt,266,0,0,0,44,0,0,0,0,74,0,0,0,1,0,0,0,0,0,0,2,0,0,0,0,0,0,0,0,0
/content/drive/My Drive/IoT Opcode Dataset/goodware/cl_status.txt,126,0,0,0,33,0,0,0,0,31,0,0,0,0,0,0,0,0,0,0,0,0,0,0,0,0,0,0,0,0
/content/drive/My Drive/IoT Opcode Dataset/goodware/memstat.txt,136,0,0,0,84,0,0,0,0,133,0,0,0,1,0,0,0,0,0,0,0,0,0,0,0,0,0,0,0,0
/content/drive/My Drive/IoT Opcode Dataset/goodware/lnav.txt,17370,0,0,0,8629,0,0,0,0,11709,0,0,0,146,0,0,0,0,0,0,0,0,0,0,0,0,0,0,0,0
/content/drive/My Drive/IoT Opcode Dataset/goodware/btrfs-image.txt,8420,0,0,0,2530,0,0,0,0,4982,0,0,0,242,0,0,0,0,0,0,0,0,0,0,0,0,0,0,0,0
/content/drive/My Drive/IoT Opcode Dataset/goodware/debfoster.txt,976,0,0,0,526,0,0,0,0,249,0,0,0,27,0,0,0,0,0,0,0,0,0,0,0,0,0,0,0,0
/content/drive/My Drive/IoT Opcode Dataset/goodware/dawg.txt,95,0,0,0,40,0,0,0,0,71,0,0,0,1,0,0,0,0,0,0,0,0,0,0,0,0,0,0,0,0
/content/drive/My Drive/IoT Opcode Dataset/goodware/clmtest.txt,107,0,0,0,34,0,0,0,0,48,0,0,0,1,0,0,0,0,0,0,0,0,0,0,0,0,0,0,0,0
/content/drive/My Drive/IoT Opcode Dataset/goodware/lsattr.txt,76,0,0,0,26,0,0,0,0,45,0,0,0,2,0,0,0,0,0,0,0,0,0,0,0,0,0,0,0,0
/content/drive/My Drive/IoT Opcode Dataset/goodware/cfshow.txt,10104,0,0,0,6269,0,0,0,0,6162,0,0,0,132,0,0,0,0,0,0,0,0,0,0,0,0,0,0,0,0
/content/drive/My Drive/IoT Opcode Dataset/goodware/cfrun.txt,9733,0,0,0,6060,0,0,0,0,5543,0,0,0,132,0,0,0,0,0,0,0,0,0,0,0,0,0,0,0,0
/content/drive/My Drive/IoT Opcode Dataset/goodware/ext3grep.txt,5856,0,0,0,2976,0,0,0,0,3128,0,0,0,84,0,0,0,0,0,0,0,0,0,0,0,0,0,0,0,0
/content/drive/My Drive/IoT Opcode Dataset/goodware/gfs2_tool.txt,804,0,0,0,181,0,0,0,0,312,0,0,0,26,0,0,0,0,0,0,0,0,0,0,0,0,0,0,0,0
/content/drive/My Drive/IoT Opcode Dataset/goodware/aptsh.txt,1951,0,0,0,715,0,0,0,0,1980,0,0,0,29,0,0,0,0,0,0,0,0,0,0,0,0,0,0,0,0
/content/drive/My Drive/IoT Opcode Dataset/goodware/fence_ipmilan.txt,404,0,0,0,194,0,0,0,0,308,0,0,0,2,0,0,0,0,0,0,0,0,0,0,0,0,0,0,0,0
/content/drive/My Drive/IoT Opcode Dataset/goodware/fsck.f2fs.txt,1629,0,0,0,482,0,0,0,0,528,0,0,0,9,0,0,0,0,0,0,0,0,0,0,0,0,0,0,0,0
/content/drive/My Drive/IoT Opcode Dataset/goodware/fsck.gfs2.txt,8971,0,0,0,3189,0,0,0,0,3296,0,0,0,352,0,0,0,0,0,0,0,0,0,0,0,0,0,0,0,0
/content/drive/My Drive/IoT Opcode Dataset/goodware/findif.txt,332,0,0,0,92,0,0,0,0,68,0,0,0,19,0,0,0,0,0,0,6,0,0,0,0,0,0,0,0,0
/content/drive/My Drive/IoT Opcode Dataset/goodware/logsave.txt,138,0,0,0,40,0,0,0,0,61,0,0,0,3,0,0,0,0,0,0,0,0,0,0,0,0,0,0,0,0
/content/drive/My Drive/IoT Opcode Dataset/goodware/setlock.txt,209,0,0,0,220,0,0,0,0,77,0,0,0,1,0,0,0,0,0,0,0,0,0,0,0,0,0,0,0,0
/content/drive/My Drive/IoT Opcode Dataset/goodware/ksplice-kernel-utsname.txt,14040,0,0,0,7867,0,0,0,0,5583,0,0,0,771,0,0,0,0,0,0,0,0,0,0,0,0,0,0,0,0
/content/drive/My Drive/IoT Opcode Dataset/goodware/funnel.txt,48,0,0,0,18,0,0,0,0,36,0,0,0,0,0,0,0,0,0,0,0,0,0,0,0,0,0,0,0,0
/content/drive/My Drive/IoT Opcode Dataset/goodware/incrontab.txt,1676,0,0,0,811,0,0,0,0,1106,0,0,0,15,0,0,0,0,0,0,0,0,0,0,0,0,0,0,0,0
/content/drive/My Drive/IoT Opcode Dataset/goodware/btrfs-debug-tree.txt,7588,0,0,0,2291,0,0,0,0,4543,0,0,0,220,0,0,0,0,0,0,0,0,0,0,0,0,0,0,0,0
/content/drive/My Drive/IoT Opcode Dataset/goodware/fghack.txt,184,0,0,0,188,0,0,0,0,68,0,0,0,1,0,0,0,0,0,0,0,0,0,0,0,0,0,0,0,0
/content/drive/My Drive/IoT Opcode Dataset/goodware/multilog.txt,590,0,0,0,315,0,0,0,0,233,0,0,0,23,0,0,0,0,0,0,0,0,0,0,0,0,0,0,0,0
/content/drive/My Drive/IoT Opcode Dataset/goodware/mpt-status.txt,246,0,0,0,144,0,0,0,0,103,0,0,0,3,0,0,0,0,0,0,0,0,0,0,0,0,0,0,0,0
/content/drive/My Drive/IoT Opcode Dataset/goodware/softlimit.txt,224,0,0,0,232,0,0,0,0,86,0,0,0,3,0,0,0,0,0,0,0,0,0,0,0,0,0,0,0,0
/content/drive/My Drive/IoT Opcode Dataset/goodware/downtimes.txt,117,0,0,0,35,0,0,0,0,53,0,0,0,1,0,0,0,0,0,0,0,0,0,0,0,0,0,0,0,0
/content/drive/My Drive/IoT Opcode Dataset/goodware/auto-apt-pkgcdb.txt,1024,0,0,0,461,0,0,0,0,346,0,0,0,35,0,0,0,0,0,0,7,0,0,0,0,0,0,0,0,0
/content/drive/My Drive/IoT Opcode Dataset/goodware/dhcping.txt,175,0,0,0,56,0,0,0,0,169,0,0,0,9,0,0,0,0,0,0,0,0,0,0,0,0,0,0,0,0
/content/drive/My Drive/IoT Opcode Dataset/goodware/itop.txt,154,0,0,0,37,0,0,0,0,72,0,0,0,0,0,0,0,0,0,0,0,0,0,0,0,0,0,0,0,0
/content/drive/My Drive/IoT Opcode Dataset/goodware/diodload.txt,4519,0,0,0,1572,0,0,0,0,1668,0,0,0,77,0,0,0,0,0,0,0,0,0,0,0,0,0,0,0,0
/content/drive/My Drive/IoT Opcode Dataset/goodware/ck-get-x11-display-device.txt,185,0,0,0,65,0,0,0,0,166,0,0,0,3,0,0,0,0,0,0,0,0,0,0,0,0,0,0,0,0
/content/drive/My Drive/IoT Opcode Dataset/goodware/makedeltaiso.txt,1275,0,0,0,470,0,0,0,0,913,0,0,0,79,0,0,0,0,0,0,0,0,0,0,0,0,0,0,0,0
/content/drive/My Drive/IoT Opcode Dataset/goodware/aptsh_rls.txt,21,0,0,0,9,0,0,0,0,21,0,0,0,0,0,0,0,0,0,0,0,0,0,0,0,0,0,0,0,0
/content/drive/My Drive/IoT Opcode Dataset/goodware/idle3ctl.txt,321,0,0,0,132,0,0,0,0,80,0,0,0,22,0,0,0,0,0,0,0,0,0,0,0,0,0,0,0,0
/content/drive/My Drive/IoT Opcode Dataset/goodware/kickdict.txt,90,0,0,0,41,0,0,0,0,74,0,0,0,1,0,0,0,0,0,0,0,0,0,0,0,0,0,0,0,0
/content/drive/My Drive/IoT Opcode Dataset/goodware/appstream-index.txt,223,0,0,0,43,0,0,0,0,102,0,0,0,0,0,0,0,0,0,0,0,0,0,0,0,0,0,0,0,0
/content/drive/My Drive/IoT Opcode Dataset/goodware/btrfs-select-super.txt,7438,0,0,0,2218,0,0,0,0,4418,0,0,0,218,0,0,0,0,0,0,0,0,0,0,0,0,0,0,0,0
/content/drive/My Drive/IoT Opcode Dataset/goodware/dhcpdump.txt,170,0,0,0,74,0,0,0,0,177,0,0,0,0,0,0,0,0,0,0,0,0,0,0,0,0,0,0,0,0
/content/drive/My Drive/IoT Opcode Dataset/goodware/discover.txt,228,0,0,0,113,0,0,0,0,74,0,0,0,0,0,0,0,0,0,0,0,0,0,0,0,0,0,0,0,0
/content/drive/My Drive/IoT Opcode Dataset/goodware/gprostats.txt,300,0,0,0,122,0,0,0,0,401,0,0,0,0,0,0,0,0,0,0,0,0,0,0,0,0,0,0,0,0
/content/drive/My Drive/IoT Opcode Dataset/goodware/health-check.txt,3191,0,0,0,767,0,0,0,0,1291,0,0,0,71,0,0,0,0,0,0,0,0,0,0,0,0,0,0,0,0
/content/drive/My Drive/IoT Opcode Dataset/goodware/cpufreqd-set.txt,57,0,0,0,14,0,0,0,0,38,0,0,0,0,0,0,0,0,0,0,0,0,0,0,0,0,0,0,0,0
/content/drive/My Drive/IoT Opcode Dataset/goodware/envdir.txt,253,0,0,0,255,0,0,0,0,101,0,0,0,2,0,0,0,0,0,0,0,0,0,0,0,0,0,0,0,0
/content/drive/My Drive/IoT Opcode Dataset/goodware/ck-log-system-restart.txt,234,0,0,0,66,0,0,0,0,205,0,0,0,0,0,0,0,0,0,0,0,0,0,0,0,0,0,0,0,0
/content/drive/My Drive/IoT Opcode Dataset/goodware/genromfs.txt,323,0,0,0,109,0,0,0,0,116,0,0,0,36,0,0,0,0,0,0,0,0,0,0,0,0,0,0,0,0
/content/drive/My Drive/IoT Opcode Dataset/goodware/aptsh_ls.txt,24,0,0,0,11,0,0,0,0,12,0,0,0,0,0,0,0,0,0,0,0,0,0,0,0,0,0,0,0,0
/content/drive/My Drive/IoT Opcode Dataset/goodware/apphbtest.txt,113,0,0,0,59,0,0,0,0,80,0,0,0,0,0,0,0,0,0,0,0,0,0,0,0,0,0,0,0,0
/content/drive/My Drive/IoT Opcode Dataset/goodware/fence_nss_wrapper.txt,132,0,0,0,51,0,0,0,0,83,0,0,0,5,0,0,0,0,0,0,0,0,0,0,0,0,0,0,0,0
/content/drive/My Drive/IoT Opcode Dataset/goodware/jfs_debugfs.txt,2745,0,0,0,688,0,0,0,0,871,0,0,0,53,0,0,0,0,0,0,0,0,0,0,0,0,0,0,0,0
/content/drive/My Drive/IoT Opcode Dataset/goodware/jfs_logdump.txt,2062,0,0,0,702,0,0,0,0,1025,0,0,0,97,0,0,0,0,0,0,0,0,0,0,0,0,0,0,0,0
/content/drive/My Drive/IoT Opcode Dataset/goodware/tai64nlocal.txt,138,0,0,0,58,0,0,0,0,52,0,0,0,0,0,0,0,0,0,0,0,0,0,0,0,0,0,0,0,0
/content/drive/My Drive/IoT Opcode Dataset/goodware/dash-search.txt,70,0,0,0,59,0,0,0,0,50,0,0,0,1,0,0,0,0,0,0,0,0,0,0,0,0,0,0,0,0
/content/drive/My Drive/IoT Opcode Dataset/goodware/lsscsi.txt,1976,0,0,0,648,0,0,0,0,554,0,0,0,31,0,0,0,0,0,0,0,0,0,0,0,0,0,0,0,0
/content/drive/My Drive/IoT Opcode Dataset/goodware/iptstate.txt,1808,0,0,0,823,0,0,0,0,1476,0,0,0,26,0,0,0,0,0,0,0,0,0,0,0,0,0,0,0,0
/content/drive/My Drive/IoT Opcode Dataset/goodware/fsarchiver.txt,6837,0,0,0,1436,0,0,0,0,2188,0,0,0,102,0,0,0,0,0,0,0,0,0,0,0,0,0,0,0,0
/content/drive/My Drive/IoT Opcode Dataset/goodware/keytouch-editor.txt,3721,0,0,0,423,0,0,0,0,453,0,0,0,21,0,0,0,0,0,0,0,0,0,0,0,0,0,0,0,0
/content/drive/My Drive/IoT Opcode Dataset/goodware/jfs_tune.txt,423,0,0,0,155,0,0,0,0,190,0,0,0,2,0,0,0,0,0,0,0,0,0,0,0,0,0,0,0,0
/content/drive/My Drive/IoT Opcode Dataset/goodware/corosync-cpgtool.txt,69,0,0,0,26,0,0,0,0,41,0,0,0,0,0,0,0,0,0,0,0,0,0,0,0,0,0,0,0,0
/content/drive/My Drive/IoT Opcode Dataset/goodware/hostname.txt,176,0,0,0,80,0,0,0,0,72,0,0,0,5,0,0,0,0,0,0,0,0,0,0,0,0,0,0,0,0
/content/drive/My Drive/IoT Opcode Dataset/goodware/update-binfmts.txt,2186,0,0,0,1165,0,0,0,0,633,0,0,0,89,0,0,0,0,0,0,0,0,0,0,0,0,0,0,0,0
/content/drive/My Drive/IoT Opcode Dataset/goodware/ck-launch-session.txt,35,0,0,0,12,0,0,0,0,25,0,0,0,0,0,0,0,0,0,0,0,0,0,0,0,0,0,0,0,0
/content/drive/My Drive/IoT Opcode Dataset/goodware/sfex_init.txt,174,0,0,0,34,0,0,0,0,55,0,0,0,0,0,0,0,0,0,0,7,0,0,0,0,0,0,0,0,0
/content/drive/My Drive/IoT Opcode Dataset/goodware/ck-list-sessions.txt,109,0,0,0,28,0,0,0,0,62,0,0,0,0,0,0,0,0,0,0,0,0,0,0,0,0,0,0,0,0
/content/drive/My Drive/IoT Opcode Dataset/goodware/sfex_daemon.txt,362,0,0,0,72,0,0,0,0,81,0,0,0,0,0,0,0,0,0,0,9,0,0,0,0,0,0,0,0,0
/content/drive/My Drive/IoT Opcode Dataset/goodware/stinit.txt,429,0,0,0,248,0,0,0,0,232,0,0,0,13,0,0,0,0,0,0,0,0,0,0,0,0,0,0,0,0
/content/drive/My Drive/IoT Opcode Dataset/goodware/mke2fs.txt,3422,0,0,0,1098,0,0,0,0,943,0,0,0,69,0,0,0,0,0,0,0,0,0,0,0,0,0,0,0,0
/content/drive/My Drive/IoT Opcode Dataset/goodware/btrfsck.txt,17211,0,0,0,5278,0,0,0,0,10816,0,0,0,413,0,0,0,0,0,0,0,0,0,0,0,0,0,0,0,0
/content/drive/My Drive/IoT Opcode Dataset/goodware/mlock.txt,49,0,0,0,22,0,0,0,0,57,0,0,0,0,0,0,0,0,0,0,0,0,0,0,0,0,0,0,0,0
/content/drive/My Drive/IoT Opcode Dataset/goodware/cfenvd.txt,10930,0,0,0,6499,0,0,0,0,6433,0,0,0,146,0,0,0,0,0,0,0,0,0,0,0,0,0,0,0,0
/content/drive/My Drive/IoT Opcode Dataset/goodware/clfsplit.txt,204,0,0,0,64,0,0,0,0,112,0,0,0,4,0,0,0,0,0,0,0,0,0,0,0,0,0,0,0,0
/content/drive/My Drive/IoT Opcode Dataset/goodware/fibmap.f2fs.txt,132,0,0,0,44,0,0,0,0,56,0,0,0,1,0,0,0,0,0,0,0,0,0,0,0,0,0,0,0,0
/content/drive/My Drive/IoT Opcode Dataset/goodware/genhash.txt,817,0,0,0,333,0,0,0,0,397,0,0,0,26,0,0,0,0,0,0,0,0,0,0,0,0,0,0,0,0
/content/drive/My Drive/IoT Opcode Dataset/goodware/gfs2_edit.txt,4596,0,0,0,1780,0,0,0,0,1982,0,0,0,168,0,0,0,0,0,0,0,0,0,0,0,0,0,0,0,0
/content/drive/My Drive/IoT Opcode Dataset/goodware/debugfs.txt,3521,0,0,0,1119,0,0,0,0,1245,0,0,0,84,0,0,0,0,0,0,0,0,0,0,0,0,0,0,0,0
/content/drive/My Drive/IoT Opcode Dataset/goodware/gfs2_convert.txt,2720,0,0,0,894,0,0,0,0,1221,0,0,0,112,0,0,0,0,0,0,0,0,0,0,0,0,0,0,0,0
/content/drive/My Drive/IoT Opcode Dataset/goodware/con2fbmap.txt,46,0,0,0,12,0,0,0,0,22,0,0,0,0,0,0,0,0,0,0,0,0,0,0,0,0,0,0,0,0
/content/drive/My Drive/IoT Opcode Dataset/goodware/ck-get-x11-server-pid.txt,61,0,0,0,19,0,0,0,0,36,0,0,0,0,0,0,0,0,0,0,0,0,0,0,0,0,0,0,0,0
/content/drive/My Drive/IoT Opcode Dataset/goodware/merge_diff.txt,96,0,0,0,41,0,0,0,0,78,0,0,0,0,0,0,0,0,0,0,0,0,0,0,0,0,0,0,0,0
/content/drive/My Drive/IoT Opcode Dataset/goodware/cdebootstrap.txt,1206,0,0,0,421,0,0,0,0,503,0,0,0,30,0,0,0,0,0,0,0,0,0,0,0,0,0,0,0,0
/content/drive/My Drive/IoT Opcode Dataset/goodware/kuser.txt,18357,0,0,0,6684,0,0,0,0,6678,0,0,0,50,0,0,0,0,0,0,0,0,0,0,0,0,0,0,0,0
/content/drive/My Drive/IoT Opcode Dataset/goodware/chronyd.txt,5771,0,0,0,1705,0,0,0,0,2362,0,0,0,122,0,0,0,0,0,0,0,0,0,0,0,0,0,0,0,0
/content/drive/My Drive/IoT Opcode Dataset/goodware/drbd-peer-outdater.txt,124,0,0,0,26,0,0,0,0,53,0,0,0,0,0,0,0,0,0,0,0,0,0,0,0,0,0,0,0,0
/content/drive/My Drive/IoT Opcode Dataset/goodware/memdump.txt,102,0,0,0,53,0,0,0,0,54,0,0,0,0,0,0,0,0,0,0,0,0,0,0,0,0,0,0,0,0
/content/drive/My Drive/IoT Opcode Dataset/goodware/compartment.txt,142,0,0,0,102,0,0,0,0,81,0,0,0,1,0,0,0,0,0,0,0,0,0,0,0,0,0,0,0,0
/content/drive/My Drive/IoT Opcode Dataset/goodware/send_arp.txt,257,0,0,0,58,0,0,0,0,77,0,0,0,3,0,0,0,0,0,0,4,0,0,0,0,0,0,0,0,0
/content/drive/My Drive/IoT Opcode Dataset/goodware/envuidgid.txt,210,0,0,0,227,0,0,0,0,86,0,0,0,1,0,0,0,0,0,0,0,0,0,0,0,0,0,0,0,0
/content/drive/My Drive/IoT Opcode Dataset/goodware/efivar.txt,132,0,0,0,33,0,0,0,0,119,0,0,0,5,0,0,0,0,0,0,0,0,0,0,0,0,0,0,0,0
/content/drive/My Drive/IoT Opcode Dataset/goodware/svc.txt,145,0,0,0,175,0,0,0,0,61,0,0,0,1,0,0,0,0,0,0,0,0,0,0,0,0,0,0,0,0
/content/drive/My Drive/IoT Opcode Dataset/goodware/fsmove.txt,1510,0,0,0,540,0,0,0,0,567,0,0,0,20,0,0,0,0,0,0,0,0,0,0,0,0,0,0,0,0
/content/drive/My Drive/IoT Opcode Dataset/goodware/mingetty.txt,174,0,0,0,69,0,0,0,0,73,0,0,0,1,0,0,0,0,0,0,0,0,0,0,0,0,0,0,0,0
/content/drive/My Drive/IoT Opcode Dataset/goodware/resize2fs.txt,1914,0,0,0,622,0,0,0,0,666,0,0,0,64,0,0,0,0,0,0,0,0,0,0,0,0,0,0,0,0
/content/drive/My Drive/IoT Opcode Dataset/goodware/btrfs-find-root.txt,7509,0,0,0,2251,0,0,0,0,4517,0,0,0,220,0,0,0,0,0,0,0,0,0,0,0,0,0,0,0,0
/content/drive/My Drive/IoT Opcode Dataset/goodware/IPv6addr.txt,488,0,0,0,107,0,0,0,0,124,0,0,0,3,0,0,0,0,0,0,6,0,0,0,0,0,0,0,0,0
/content/drive/My Drive/IoT Opcode Dataset/goodware/dopd.txt,320,0,0,0,45,0,0,0,0,62,0,0,0,2,0,0,0,0,0,0,0,0,0,0,0,0,0,0,0,0
/content/drive/My Drive/IoT Opcode Dataset/goodware/i-ls.txt,14042,0,0,0,7471,0,0,0,0,5860,0,0,0,857,0,0,0,0,0,0,6,0,0,0,0,0,0,0,0,0
/content/drive/My Drive/IoT Opcode Dataset/goodware/cf-monitord.txt,1748,0,0,0,331,0,0,0,0,951,0,0,0,33,0,0,0,0,0,0,0,0,0,0,0,0,0,0,0,0
/content/drive/My Drive/IoT Opcode Dataset/goodware/dictfilt.txt,308,0,0,0,158,0,0,0,0,116,0,0,0,7,0,0,0,0,0,0,0,0,0,0,0,0,0,0,0,0
/content/drive/My Drive/IoT Opcode Dataset/goodware/mklost+found.txt,48,0,0,0,11,0,0,0,0,43,0,0,0,0,0,0,0,0,0,0,0,0,0,0,0,0,0,0,0,0
/content/drive/My Drive/IoT Opcode Dataset/goodware/cfservd.txt,11150,0,0,0,6974,0,0,0,0,6439,0,0,0,138,0,0,0,0,0,0,0,0,0,0,0,0,0,0,0,0
/content/drive/My Drive/IoT Opcode Dataset/goodware/udev-acl.txt,177,0,0,0,65,0,0,0,0,49,0,0,0,1,0,0,0,0,0,0,0,0,0,0,0,0,0,0,0,0
/content/drive/My Drive/IoT Opcode Dataset/goodware/btrfs.txt,17211,0,0,0,5278,0,0,0,0,10816,0,0,0,413,0,0,0,0,0,0,0,0,0,0,0,0,0,0,0,0
/content/drive/My Drive/IoT Opcode Dataset/goodware/ipfail.txt,408,0,0,0,66,0,0,0,0,59,0,0,0,0,0,0,0,0,0,0,0,0,0,0,0,0,0,0,0,0
/content/drive/My Drive/IoT Opcode Dataset/goodware/makedeltarpm.txt,1966,0,0,0,779,0,0,0,0,1290,0,0,0,101,0,0,0,0,0,0,0,0,0,0,0,0,0,0,0,0
/content/drive/My Drive/IoT Opcode Dataset/goodware/ioping.txt,603,0,0,0,178,0,0,0,0,243,0,0,0,32,0,0,0,0,0,0,0,0,0,0,0,0,0,0,0,0
/content/drive/My Drive/IoT Opcode Dataset/goodware/gnome-disks.txt,9397,0,0,0,1563,0,0,0,0,1699,0,0,0,89,0,0,0,0,0,0,0,0,0,0,0,0,0,0,0,0
/content/drive/My Drive/IoT Opcode Dataset/goodware/lwatch.txt,458,0,0,0,214,0,0,0,0,288,0,0,0,1,0,0,0,0,0,0,0,0,0,0,0,0,0,0,0,0
/content/drive/My Drive/IoT Opcode Dataset/goodware/logprn.txt,73,0,0,0,22,0,0,0,0,47,0,0,0,0,0,0,0,0,0,0,0,0,0,0,0,0,0,0,0,0
/content/drive/My Drive/IoT Opcode Dataset/goodware/api_test.txt,228,0,0,0,32,0,0,0,0,35,0,0,0,0,0,0,0,0,0,0,0,0,0,0,0,0,0,0,0,0
/content/drive/My Drive/IoT Opcode Dataset/goodware/readlinks.txt,76,0,0,0,51,0,0,0,0,56,0,0,0,0,0,0,0,0,0,0,0,0,0,0,0,0,0,0,0,0
/content/drive/My Drive/IoT Opcode Dataset/goodware/fsremap.txt,5598,0,0,0,1917,0,0,0,0,2406,0,0,0,90,0,0,0,0,0,0,0,0,0,0,0,0,0,0,0,0
/content/drive/My Drive/IoT Opcode Dataset/goodware/fsvs.txt,7121,0,0,0,2633,0,0,0,0,2186,0,0,0,281,0,0,0,0,0,0,0,0,0,0,0,0,0,0,0,0
/content/drive/My Drive/IoT Opcode Dataset/goodware/supervise.txt,372,0,0,0,190,0,0,0,0,134,0,0,0,18,0,0,0,0,0,0,0,0,0,0,0,0,0,0,0,0
/content/drive/My Drive/IoT Opcode Dataset/goodware/corosync-quorumtool.txt,172,0,0,0,46,0,0,0,0,104,0,0,0,0,0,0,0,0,0,0,0,0,0,0,0,0,0,0,0,0
/content/drive/My Drive/IoT Opcode Dataset/goodware/fragiso.txt,1170,0,0,0,477,0,0,0,0,901,0,0,0,67,0,0,0,0,0,0,0,0,0,0,0,0,0,0,0,0
/content/drive/My Drive/IoT Opcode Dataset/goodware/svok.txt,91,0,0,0,132,0,0,0,0,32,0,0,0,0,0,0,0,0,0,0,0,0,0,0,0,0,0,0,0,0
/content/drive/My Drive/IoT Opcode Dataset/goodware/readproctitle.txt,24,0,0,0,16,0,0,0,0,15,0,0,0,0,0,0,0,0,0,0,0,0,0,0,0,0,0,0,0,0
/content/drive/My Drive/IoT Opcode Dataset/goodware/clfdomainsplit.txt,418,0,0,0,196,0,0,0,0,204,0,0,0,1,0,0,0,0,0,0,0,0,0,0,0,0,0,0,0,0
/content/drive/My Drive/IoT Opcode Dataset/goodware/f2fstat.txt,46,0,0,0,12,0,0,0,0,41,0,0,0,1,0,0,0,0,0,0,0,0,0,0,0,0,0,0,0,0
/content/drive/My Drive/IoT Opcode Dataset/goodware/cf-upgrade.txt,326,0,0,0,98,0,0,0,0,106,0,0,0,6,0,0,0,0,0,0,0,0,0,0,0,0,0,0,0,0
/content/drive/My Drive/IoT Opcode Dataset/goodware/corosync-fplay.txt,122,0,0,0,53,0,0,0,0,55,0,0,0,0,0,0,0,0,0,0,0,0,0,0,0,0,0,0,0,0
/content/drive/My Drive/IoT Opcode Dataset/goodware/fxload.txt,323,0,0,0,129,0,0,0,0,82,0,0,0,6,0,0,0,0,0,0,0,0,0,0,0,0,0,0,0,0
/content/drive/My Drive/IoT Opcode Dataset/goodware/tai64n.txt,129,0,0,0,52,0,0,0,0,50,0,0,0,1,0,0,0,0,0,0,0,0,0,0,0,0,0,0,0,0
/content/drive/My Drive/IoT Opcode Dataset/goodware/chronyc.txt,1656,0,0,0,552,0,0,0,0,623,0,0,0,39,0,0,0,0,0,0,0,0,0,0,0,0,0,0,0,0
/content/drive/My Drive/IoT Opcode Dataset/goodware/diodcat.txt,4233,0,0,0,1486,0,0,0,0,1555,0,0,0,75,0,0,0,0,0,0,0,0,0,0,0,0,0,0,0,0
/content/drive/My Drive/IoT Opcode Dataset/goodware/cf-key.txt,284,0,0,0,37,0,0,0,0,191,0,0,0,1,0,0,0,0,0,0,0,0,0,0,0,0,0,0,0,0
/content/drive/My Drive/IoT Opcode Dataset/goodware/filter_shell.txt,65,0,0,0,65,0,0,0,0,56,0,0,0,1,0,0,0,0,0,0,0,0,0,0,0,0,0,0,0,0
/content/drive/My Drive/IoT Opcode Dataset/goodware/calife.txt,292,0,0,0,92,0,0,0,0,123,0,0,0,0,0,0,0,0,0,0,0,0,0,0,0,0,0,0,0,0
/content/drive/My Drive/IoT Opcode Dataset/goodware/jfs_fsck.txt,7501,0,0,0,2926,0,0,0,0,5153,0,0,0,348,0,0,0,0,0,0,0,0,0,0,0,0,0,0,0,0
/content/drive/My Drive/IoT Opcode Dataset/goodware/ksplice-objmanip.txt,15782,0,0,0,8847,0,0,0,0,6304,0,0,0,792,0,0,0,0,0,0,0,0,0,0,0,0,0,0,0,0
/content/drive/My Drive/IoT Opcode Dataset/goodware/e2fsck.txt,7090,0,0,0,2815,0,0,0,0,2378,0,0,0,242,0,0,0,0,0,0,0,0,0,0,0,0,0,0,0,0
/content/drive/My Drive/IoT Opcode Dataset/goodware/ksystemlog.txt,28435,0,0,0,10507,0,0,0,0,9841,0,0,0,15,0,0,0,0,0,0,0,0,0,0,0,0,0,0,0,0
/content/drive/My Drive/IoT Opcode Dataset/goodware/kdump.txt,131,0,0,0,48,0,0,0,0,63,0,0,0,0,0,0,0,0,0,0,0,0,0,0,0,0,0,0,0,0
/content/drive/My Drive/IoT Opcode Dataset/goodware/logtop.txt,451,0,0,0,189,0,0,0,0,214,0,0,0,12,0,0,0,0,0,0,0,0,0,0,0,0,0,0,0,0
/content/drive/My Drive/IoT Opcode Dataset/goodware/setuidgid.txt,173,0,0,0,186,0,0,0,0,68,0,0,0,1,0,0,0,0,0,0,0,0,0,0,0,0,0,0,0,0
/content/drive/My Drive/IoT Opcode Dataset/goodware/console-kit-daemon.txt,3629,0,0,0,742,0,0,0,0,1050,0,0,0,6,0,0,0,0,0,0,0,0,0,0,0,0,0,0,0,0
/content/drive/My Drive/IoT Opcode Dataset/goodware/gadmin-samba.txt,10354,0,0,0,1259,0,0,0,0,809,0,0,0,5,0,0,0,0,0,0,0,0,0,0,0,0,0,0,0,0
/content/drive/My Drive/IoT Opcode Dataset/goodware/gfs2_quota.txt,954,0,0,0,266,0,0,0,0,497,0,0,0,22,0,0,0,0,0,0,0,0,0,0,0,0,0,0,0,0
/content/drive/My Drive/IoT Opcode Dataset/goodware/diodls.txt,4356,0,0,0,1517,0,0,0,0,1650,0,0,0,77,0,0,0,0,0,0,0,0,0,0,0,0,0,0,0,0
/content/drive/My Drive/IoT Opcode Dataset/goodware/cryptkeeper.txt,1319,0,0,0,227,0,0,0,0,404,0,0,0,15,0,0,0,0,0,0,0,0,0,0,0,0,0,0,0,0
/content/drive/My Drive/IoT Opcode Dataset/goodware/run-detectors.txt,1742,0,0,0,955,0,0,0,0,607,0,0,0,82,0,0,0,0,0,0,0,0,0,0,0,0,0,0,0,0
/content/drive/My Drive/IoT Opcode Dataset/goodware/efibootmgr.txt,2757,0,0,0,654,0,0,0,0,621,0,0,0,126,0,0,0,0,0,0,15,0,0,0,0,0,0,0,0,0
/content/drive/My Drive/IoT Opcode Dataset/goodware/gnome-disk-image-mounter.txt,902,0,0,0,158,0,0,0,0,366,0,0,0,21,0,0,0,0,0,0,0,0,0,0,0,0,0,0,0,0
/content/drive/My Drive/IoT Opcode Dataset/goodware/fbset.txt,560,0,0,0,273,0,0,0,0,270,0,0,0,40,0,0,0,0,0,0,0,0,0,0,0,0,0,0,0,0
/content/drive/My Drive/IoT Opcode Dataset/goodware/hwinfo.txt,465,0,0,0,280,0,0,0,0,142,0,0,0,6,0,0,0,0,0,0,0,0,0,0,0,0,0,0,0,0
/content/drive/My Drive/IoT Opcode Dataset/goodware/lipa.txt,922,0,0,0,187,0,0,0,0,219,0,0,0,21,0,0,0,0,0,0,0,0,0,0,0,0,0,0,0,0
/content/drive/My Drive/IoT Opcode Dataset/goodware/cpufreqd-get.txt,72,0,0,0,21,0,0,0,0,92,0,0,0,0,0,0,0,0,0,0,0,0,0,0,0,0,0,0,0,0
/content/drive/My Drive/IoT Opcode Dataset/goodware/halevt-mount.txt,566,0,0,0,185,0,0,0,0,152,0,0,0,0,0,0,0,0,0,0,0,0,0,0,0,0,0,0,0,0
/content/drive/My Drive/IoT Opcode Dataset/goodware/cfetoolgraph.txt,589,0,0,0,134,0,0,0,0,170,0,0,0,26,0,0,0,0,0,0,0,0,0,0,0,0,0,0,0,0
/content/drive/My Drive/IoT Opcode Dataset/goodware/tune2fs.txt,2150,0,0,0,590,0,0,0,0,585,0,0,0,66,0,0,0,0,0,0,0,0,0,0,0,0,0,0,0,0
/content/drive/My Drive/IoT Opcode Dataset/goodware/gadmin-openvpn-server.txt,5280,0,0,0,733,0,0,0,0,588,0,0,0,4,0,0,0,0,0,0,0,0,0,0,0,0,0,0,0,0
/content/drive/My Drive/IoT Opcode Dataset/goodware/ledctl.txt,1230,0,0,0,425,0,0,0,0,469,0,0,0,24,0,0,0,0,0,0,0,0,0,0,0,0,0,0,0,0
/content/drive/My Drive/IoT Opcode Dataset/goodware/kvpm.txt,49951,0,0,0,16370,0,0,0,0,21000,0,0,0,170,0,0,0,0,0,0,0,0,0,0,0,0,0,0,0,0
/content/drive/My Drive/IoT Opcode Dataset/goodware/dioddate.txt,4228,0,0,0,1487,0,0,0,0,1563,0,0,0,75,0,0,0,0,0,0,0,0,0,0,0,0,0,0,0,0
/content/drive/My Drive/IoT Opcode Dataset/goodware/balance.txt,857,0,0,0,214,0,0,0,0,347,0,0,0,4,0,0,0,0,0,0,0,0,0,0,0,0,0,0,0,0
/content/drive/My Drive/IoT Opcode Dataset/goodware/aptsh_printer.txt,15,0,0,0,5,0,0,0,0,9,0,0,0,0,0,0,0,0,0,0,0,0,0,0,0,0,0,0,0,0
/content/drive/My Drive/IoT Opcode Dataset/goodware/genext2fs.txt,926,0,0,0,346,0,0,0,0,463,0,0,0,50,0,0,0,0,0,0,0,0,0,0,0,0,0,0,0,0
/content/drive/My Drive/IoT Opcode Dataset/goodware/medusa.txt,1225,0,0,0,391,0,0,0,0,730,0,0,0,16,0,0,0,0,0,0,0,0,0,0,0,0,0,0,0,0
/content/drive/My Drive/IoT Opcode Dataset/goodware/debsig-verify.txt,707,0,0,0,282,0,0,0,0,594,0,0,0,38,0,0,0,0,0,0,0,0,0,0,0,0,0,0,0,0
/content/drive/My Drive/IoT Opcode Dataset/goodware/likey.txt,137,0,0,0,28,0,0,0,0,61,0,0,0,0,0,0,0,0,0,0,0,0,0,0,0,0,0,0,0,0
/content/drive/My Drive/IoT Opcode Dataset/goodware/mkfs.jfs.txt,1806,0,0,0,463,0,0,0,0,661,0,0,0,61,0,0,0,0,0,0,0,0,0,0,0,0,0,0,0,0
/content/drive/My Drive/IoT Opcode Dataset/goodware/eql_enslave.txt,36,0,0,0,11,0,0,0,0,31,0,0,0,0,0,0,0,0,0,0,0,0,0,0,0,0,0,0,0,0
/content/drive/My Drive/IoT Opcode Dataset/goodware/cfenvgraph.txt,9873,0,0,0,6077,0,0,0,0,5918,0,0,0,132,0,0,0,0,0,0,0,0,0,0,0,0,0,0,0,0
/content/drive/My Drive/IoT Opcode Dataset/goodware/dumpe2fs.txt,448,0,0,0,95,0,0,0,0,132,0,0,0,3,0,0,0,0,0,0,0,0,0,0,0,0,0,0,0,0
/content/drive/My Drive/IoT Opcode Dataset/goodware/gksu.txt,450,0,0,0,57,0,0,0,0,110,0,0,0,1,0,0,0,0,0,0,0,0,0,0,0,0,0,0,0,0
/content/drive/My Drive/IoT Opcode Dataset/goodware/corosync-cfgtool.txt,108,0,0,0,37,0,0,0,0,65,0,0,0,0,0,0,0,0,0,0,0,0,0,0,0,0,0,0,0,0
/content/drive/My Drive/IoT Opcode Dataset/goodware/brltty-ttb.txt,3668,0,0,0,1275,0,0,0,0,1781,0,0,0,117,0,0,0,0,0,0,0,0,0,0,0,0,0,0,0,0
/content/drive/My Drive/IoT Opcode Dataset/goodware/ck-collect-session-info.txt,279,0,0,0,86,0,0,0,0,198,0,0,0,3,0,0,0,0,0,0,0,0,0,0,0,0,0,0,0,0
/content/drive/My Drive/IoT Opcode Dataset/goodware/ldap2dns.txt,266,0,0,0,209,0,0,0,0,499,0,0,0,0,0,0,0,0,0,0,0,0,0,0,0,0,0,0,0,0
/content/drive/My Drive/IoT Opcode Dataset/goodware/cfetool.txt,2586,0,0,0,1203,0,0,0,0,1098,0,0,0,47,0,0,0,0,0,0,0,0,0,0,0,0,0,0,0,0
/content/drive/My Drive/IoT Opcode Dataset/goodware/mkfs.gfs2.txt,3576,0,0,0,1078,0,0,0,0,1623,0,0,0,171,0,0,0,0,0,0,0,0,0,0,0,0,0,0,0,0
/content/drive/My Drive/IoT Opcode Dataset/goodware/mkfs.f2fs.txt,638,0,0,0,140,0,0,0,0,157,0,0,0,7,0,0,0,0,0,0,0,0,0,0,0,0,0,0,0,0
/content/drive/My Drive/IoT Opcode Dataset/goodware/gadmin-bind.txt,5548,0,0,0,904,0,0,0,0,507,0,0,0,9,0,0,0,0,0,0,0,0,0,0,0,0,0,0,0,0
/content/drive/My Drive/IoT Opcode Dataset/goodware/fetch.txt,196,0,0,0,134,0,0,0,0,206,0,0,0,9,0,0,0,0,0,0,0,0,0,0,0,0,0,0,0,0
/content/drive/My Drive/IoT Opcode Dataset/goodware/forkstat.txt,292,0,0,0,104,0,0,0,0,144,0,0,0,10,0,0,0,0,0,0,0,0,0,0,0,0,0,0,0,0
/content/drive/My Drive/IoT Opcode Dataset/goodware/ledmon.txt,1291,0,0,0,429,0,0,0,0,520,0,0,0,24,0,0,0,0,0,0,0,0,0,0,0,0,0,0,0,0
/content/drive/My Drive/IoT Opcode Dataset/goodware/mccs.txt,30043,0,0,0,11447,0,0,0,0,11358,0,0,0,219,0,0,0,0,0,0,0,0,0,0,0,0,0,0,0,0
/content/drive/My Drive/IoT Opcode Dataset/goodware/btrfs-show-super.txt,7668,0,0,0,2249,0,0,0,0,4599,0,0,0,224,0,0,0,0,0,0,0,0,0,0,0,0,0,0,0,0
/content/drive/My Drive/IoT Opcode Dataset/goodware/cfkey.txt,9614,0,0,0,5875,0,0,0,0,5653,0,0,0,132,0,0,0,0,0,0,0,0,0,0,0,0,0,0,0,0
/content/drive/My Drive/IoT Opcode Dataset/goodware/cfexecd.txt,9867,0,0,0,6078,0,0,0,0,5780,0,0,0,133,0,0,0,0,0,0,0,0,0,0,0,0,0,0,0,0
/content/drive/My Drive/IoT Opcode Dataset/goodware/cl_respawn.txt,166,0,0,0,55,0,0,0,0,70,0,0,0,1,0,0,0,0,0,0,0,0,0,0,0,0,0,0,0,0
/content/drive/My Drive/IoT Opcode Dataset/goodware/svstat.txt,160,0,0,0,151,0,0,0,0,64,0,0,0,1,0,0,0,0,0,0,0,0,0,0,0,0,0,0,0,0
/content/drive/My Drive/IoT Opcode Dataset/goodware/gkdebconf.txt,815,0,0,0,82,0,0,0,0,192,0,0,0,0,0,0,0,0,0,0,0,0,0,0,0,0,0,0,0,0
/content/drive/My Drive/IoT Opcode Dataset/goodware/svscan.txt,247,0,0,0,224,0,0,0,0,104,0,0,0,2,0,0,0,0,0,0,0,0,0,0,0,0,0,0,0,0
/content/drive/My Drive/IoT Opcode Dataset/goodware/pgrphack.txt,167,0,0,0,184,0,0,0,0,61,0,0,0,1,0,0,0,0,0,0,0,0,0,0,0,0,0,0,0,0
/content/drive/My Drive/IoT Opcode Dataset/goodware/btrfs-calc-size.txt,7638,0,0,0,2263,0,0,0,0,4589,0,0,0,219,0,0,0,0,0,0,0,0,0,0,0,0,0,0,0,0
/content/drive/My Drive/IoT Opcode Dataset/goodware/ccm.txt,2633,0,0,0,794,0,0,0,0,822,0,0,0,5,0,0,0,0,0,0,0,0,0,0,0,0,0,0,0,0
/content/drive/My Drive/IoT Opcode Dataset/goodware/ck-log-system-stop.txt,234,0,0,0,66,0,0,0,0,205,0,0,0,0,0,0,0,0,0,0,0,0,0,0,0,0,0,0,0,0
/content/drive/My Drive/IoT Opcode Dataset/goodware/famd.txt,2986,0,0,0,1317,0,0,0,0,1564,0,0,0,23,0,0,0,0,0,0,0,0,0,0,0,0,0,0,0,0
/content/drive/My Drive/IoT Opcode Dataset/goodware/debram.txt,515,0,0,0,452,0,0,0,0,122,0,0,0,2,0,0,0,0,0,0,0,0,0,0,0,0,0,0,0,0
/content/drive/My Drive/IoT Opcode Dataset/goodware/cfagent.txt,14829,0,0,0,9915,0,0,0,0,9056,0,0,0,195,0,0,0,0,0,0,0,0,0,0,0,0,0,0,0,0
/content/drive/My Drive/IoT Opcode Dataset/goodware/btrfs-convert.txt,9760,0,0,0,2633,0,0,0,0,5705,0,0,0,270,0,0,0,0,0,0,0,0,0,0,0,0,0,0,0,0
/content/drive/My Drive/IoT Opcode Dataset/goodware/applydeltaiso.txt,693,0,0,0,253,0,0,0,0,601,0,0,0,42,0,0,0,0,0,0,0,0,0,0,0,0,0,0,0,0
/content/drive/My Drive/IoT Opcode Dataset/goodware/cpulimit.txt,413,0,0,0,114,0,0,0,0,128,0,0,0,44,0,0,0,0,0,0,0,0,0,0,0,0,0,0,0,0
/content/drive/My Drive/IoT Opcode Dataset/goodware/e4defrag.txt,529,0,0,0,184,0,0,0,0,238,0,0,0,26,0,0,0,0,0,0,0,0,0,0,0,0,0,0,0,0
/content/drive/My Drive/IoT Opcode Dataset/goodware/fence_rackswitch.txt,211,0,0,0,101,0,0,0,0,68,0,0,0,2,0,0,0,0,0,0,0,0,0,0,0,0,0,0,0,0
/content/drive/My Drive/IoT Opcode Dataset/goodware/filefrag.txt,348,0,0,0,144,0,0,0,0,148,0,0,0,5,0,0,0,0,0,0,0,0,0,0,0,0,0,0,0,0
/content/drive/My Drive/IoT Opcode Dataset/goodware/clfmerge.txt,382,0,0,0,212,0,0,0,0,263,0,0,0,2,0,0,0,0,0,0,0,0,0,0,0,0,0,0,0,0
/content/drive/My Drive/IoT Opcode Dataset/goodware/diodshowmount.txt,4696,0,0,0,1720,0,0,0,0,1720,0,0,0,83,0,0,0,0,0,0,0,0,0,0,0,0,0,0,0,0
/content/drive/My Drive/IoT Opcode Dataset/goodware/appstream-validate.txt,77,0,0,0,23,0,0,0,0,43,0,0,0,0,0,0,0,0,0,0,0,0,0,0,0,0,0,0,0,0
/content/drive/My Drive/IoT Opcode Dataset/goodware/dtop.txt,5295,0,0,0,1780,0,0,0,0,1925,0,0,0,105,0,0,0,0,0,0,0,0,0,0,0,0,0,0,0,0
/content/drive/My Drive/IoT Opcode Dataset/goodware/hello.txt,0,0,0,0,0,0,0,0,0,0,0,0,0,0,0,0,0,0,0,0,0,0,0,0,0,0,0,0,0,0
/content/drive/My Drive/IoT Opcode Dataset/goodware/check.csv,0,0,0,0,0,0,0,0,0,0,0,0,0,0,0,0,0,0,0,0,0,0,0,0,0,0,0,0,0,0
